id,clip,pipeline,quality,t_contact,side,strike,strike_angle_deg,peak_grf_bw,contact_ms,flight_ms,foot_ahead_ratio,knee_flex_contact
01,advice-720p.mp4,browser,fair,0.351,right,unknown,,2.1581990891407363,255.99630083565478,94.99768802228375,,
01,advice-720p.mp4,browser,fair,0.567,right,unknown,,2.1581990891407363,255.99630083565478,94.99768802228375,,
01,advice-720p.mp4,browser,fair,1.107,right,unknown,,2.3360211572245158,228.99676323119775,121.99722562674079,,
01,advice-720p.mp4,browser,fair,1.35,left,unknown,,2.561379656556129,201.99722562674168,148.99676323119684,,
01,advice-720p.mp4,browser,fair,1.62,right,unknown,,2.0143076515608866,282.9958384401114,67.99815041782715,,
01,advice-720p.mp4,browser,fair,2.133,left,unknown,,2.561379656556129,201.99722562674168,148.99676323119684,,
01,advice-720p.mp4,browser,fair,2.376,left,unknown,,2.561379656556129,201.99722562674168,148.99676323119684,,
01,advice-720p.mp4,browser,fair,3.3479,left,unknown,,2.158199089140734,255.99630083565512,94.99768802228343,,
01,advice-720p.mp4,browser,fair,3.8879,left,unknown,,2.336021157224512,228.9967632311982,121.99722562674035,,
01,advice-720p.mp4,browser,fair,4.1309,right,unknown,,2.3360211572245158,228.99676323119775,121.99722562674079,,
01,advice-720p.mp4,browser,fair,4.4009,left,unknown,,2.561379656556129,201.99722562674168,148.99676323119684,,
01,advice-720p.mp4,browser,fair,4.6439,left,unknown,,2.1581990891407314,255.99630083565555,94.99768802228297,,
01,advice-720p.mp4,browser,fair,4.9409,left,unknown,,2.561379656556129,201.99722562674168,148.99676323119684,,
01,advice-720p.mp4,browser,fair,5.1839,right,unknown,,2.1581990891407314,255.99630083565555,94.99768802228297,,
01,advice-720p.mp4,browser,fair,5.6699,left,unknown,,1.8143522387503572,331.595006128135,19.398982729803503,,
01,advice-720p.mp4,browser,fair,6.0209,right,unknown,,1.8143522387503572,331.595006128135,19.398982729803503,,
01,advice-720p.mp4,browser,fair,6.3989,left,unknown,,1.8143522387503572,331.595006128135,19.398982729803503,,
01,advice-720p.mp4,browser,fair,6.7499,right,unknown,,1.8143522387503572,331.595006128135,19.398982729803503,,
01,advice-720p.mp4,browser,fair,7.1279,left,unknown,,1.895481118686829,309.99537604456765,40.99861281337086,,
01,advice-720p.mp4,browser,fair,7.5059,right,unknown,,1.8143522387503572,331.595006128135,19.398982729803503,,
01,advice-720p.mp4,browser,fair,7.8299,left,unknown,,1.8143522387503572,331.595006128135,19.398982729803503,,
01,advice-720p.mp4,browser,fair,8.1809,right,unknown,,1.8143522387503572,331.595006128135,19.398982729803503,,
01,advice-720p.mp4,browser,fair,8.5589,left,unknown,,2.1581990891407314,255.99630083565555,94.99768802228297,,
01,advice-720p.mp4,browser,fair,8.9098,right,unknown,,2.0143076515608813,282.9958384401125,67.99815041782603,,
01,advice-720p.mp4,browser,fair,9.2608,left,unknown,,2.1581990891407314,255.99630083565555,94.99768802228297,,
01,advice-720p.mp4,sports2d,fair,0.3,right,unknown,,1.8722222222222267,239.99999999999986,26.666666666667645,,
01,advice-720p.mp4,sports2d,fair,0.5,right,unknown,,1.8722222222222267,239.99999999999986,26.666666666667645,,
01,advice-720p.mp4,sports2d,fair,1.0333,right,unknown,,1.8722222222222262,239.99999999999997,26.66666666666753,,
01,advice-720p.mp4,sports2d,fair,1.3,left,unknown,,2.069354838709683,206.66666666666652,60.000000000000966,,
01,advice-720p.mp4,sports2d,fair,1.5333,right,unknown,,2.0693548387096814,206.66666666666674,60.000000000000746,,
01,advice-720p.mp4,sports2d,fair,2.0667,right,unknown,,1.8722222222222262,239.99999999999997,26.66666666666753,,
01,advice-720p.mp4,sports2d,fair,2.3333,left,unknown,,2.069354838709683,206.66666666666652,60.000000000000966,,
01,advice-720p.mp4,sports2d,fair,2.5667,right,unknown,,2.069354838709683,206.66666666666652,60.000000000000966,,
01,advice-720p.mp4,sports2d,fair,2.8333,left,unknown,,2.069354838709683,206.66666666666652,60.000000000000966,,
01,advice-720p.mp4,sports2d,fair,3.0667,right,unknown,,2.069354838709683,206.66666666666652,60.000000000000966,,
01,advice-720p.mp4,sports2d,fair,3.3333,left,unknown,,2.193859649122812,189.99999999999997,76.66666666666752,,
01,advice-720p.mp4,sports2d,fair,3.8667,left,unknown,,2.069354838709683,206.66666666666652,60.000000000000966,,
01,advice-720p.mp4,sports2d,fair,4.1,right,unknown,,2.06935483870968,206.66666666666697,60.000000000000526,,
01,advice-720p.mp4,sports2d,fair,4.3667,left,unknown,,2.06935483870968,206.66666666666697,60.000000000000526,,
01,advice-720p.mp4,sports2d,fair,4.6333,right,unknown,,1.8722222222222253,240.0000000000002,26.66666666666731,,
01,advice-720p.mp4,sports2d,fair,4.9,left,unknown,,1.8722222222222253,240.0000000000002,26.66666666666731,,
01,advice-720p.mp4,sports2d,fair,5.1333,right,unknown,,1.8722222222222262,239.99999999999997,26.66666666666753,,
01,advice-720p.mp4,sports2d,fair,5.6333,left,unknown,,1.5706395036769671,,,,
01,advice-720p.mp4,sports2d,fair,6,right,unknown,,1.800804587911556,,,,
01,advice-720p.mp4,sports2d,fair,6.3333,left,unknown,,1.5525323801909967,,,,
01,advice-720p.mp4,sports2d,fair,6.7,right,unknown,,1.6483137980314444,,,,
01,advice-720p.mp4,sports2d,fair,7.0667,left,unknown,,1.5774641296030207,,,,
01,advice-720p.mp4,sports2d,fair,7.4333,right,unknown,,1.7211389863299362,,,,
01,advice-720p.mp4,sports2d,fair,7.7667,left,unknown,,1.5534621123378143,,,,
01,advice-720p.mp4,sports2d,fair,8.1333,right,unknown,,1.6897906200172441,,,,
01,advice-720p.mp4,sports2d,fair,8.8667,right,unknown,,1.7123824140386108,,,,
01,advice-720p.mp4,sports2d,fair,9.2,left,unknown,,1.6529153909804835,,,,
02,pace-ladder-720p.mp4,browser,poor,1.5376,left,unknown,,2.2604107360715773,,,,17.577553358935504
02,pace-ladder-720p.mp4,browser,poor,2.3733,left,unknown,,2.484182491894396,,,,59.080029358773395
02,pace-ladder-720p.mp4,browser,poor,3.1421,left,unknown,,1.944540699575024,,,,34.123793575723255
02,pace-ladder-720p.mp4,browser,poor,3.4095,right,unknown,,2.2604107360715773,,,,45.39597808692159
02,pace-ladder-720p.mp4,browser,poor,3.9777,left,unknown,,2.6975698035160325,,,,27.099930316107205
02,pace-ladder-720p.mp4,browser,poor,4.4123,right,unknown,,2.6975698035160325,,,,35.24375333560729
02,pace-ladder-720p.mp4,browser,poor,4.8134,left,unknown,,2.2604107360715773,,,,36.526942995531726
02,pace-ladder-720p.mp4,browser,poor,5.1476,right,unknown,,1.8898246712586126,,,,15.338990767137645
02,pace-ladder-720p.mp4,browser,poor,5.4485,left,unknown,,2.2604107360715746,,,,24.61734019720879
02,pace-ladder-720p.mp4,browser,poor,6.4513,right,unknown,,2.085302645886194,,,,19.146927666852605
02,pace-ladder-720p.mp4,browser,poor,7.5209,left,unknown,,2.484182491894406,,,,24.738651449443964
02,pace-ladder-720p.mp4,browser,poor,8.2228,left,unknown,,2.6975698035160325,,,,24.971123372966673
02,pace-ladder-720p.mp4,browser,poor,8.5571,right,unknown,,2.2604107360715773,,,,11.436946607227682
02,pace-ladder-720p.mp4,browser,poor,9.2256,right,unknown,,1.8898246712586126,,,,12.850109595058115
02,pace-ladder-720p.mp4,browser,poor,9.8607,right,unknown,,1.8898246712586126,,,,14.862676732437208
02,pace-ladder-720p.mp4,browser,poor,10.2953,left,unknown,,2.2604107360715773,,,,18.503550316481082
02,pace-ladder-720p.mp4,browser,poor,11.4652,left,unknown,,2.484182491894406,,,,41.34245700993144
02,pace-ladder-720p.mp4,browser,poor,11.7326,left,unknown,,2.2604107360715773,,,,15.440236799534588
02,pace-ladder-720p.mp4,sports2d,fair,1.5333,left,midfoot,7.433121634064282,1.212289396500713,,,0.11891756134170794,12.554263645300935
02,pace-ladder-720p.mp4,sports2d,fair,1.9333,right,forefoot,31.176954125040783,1.4888675304970844,,,0.07090056268755537,57.06448215876776
02,pace-ladder-720p.mp4,sports2d,fair,2.3,left,forefoot,20.816600759442867,2.0408045977011513,289.99999999999943,76.66666666666694,0.10651539437106193,51.631251961908156
02,pace-ladder-720p.mp4,sports2d,fair,2.8667,right,forefoot,34.423363035186725,1.4011666592195182,,,0.13104577316539784,26.945368929314753
02,pace-ladder-720p.mp4,sports2d,fair,3.2333,left,forefoot,24.678462688849823,1.4017161672329204,,,0.11349335267571396,23.128207691884654
02,pace-ladder-720p.mp4,sports2d,fair,3.5667,right,midfoot,7.67015222482588,1.6076196639457478,,,0.10683819414120349,24.25815525110339
02,pace-ladder-720p.mp4,sports2d,fair,4.2667,right,forefoot,19.631025319137706,1.088369773917432,,,0.0881765588639386,27.538940111351067
02,pace-ladder-720p.mp4,sports2d,fair,5.0333,right,midfoot,-4.563709509316144,1.9652173913043471,306.6666666666666,59.99999999999977,0.09766798314394752,23.62793823541604
02,pace-ladder-720p.mp4,sports2d,fair,5.3667,left,forefoot,8.237334777361662,2.0408045977011513,289.99999999999943,76.66666666666694,0.1373245774047835,22.747562967912074
02,pace-ladder-720p.mp4,sports2d,fair,5.7667,right,midfoot,6.319090002061021,1.4100791974240698,,,0.10488273041198316,33.31538213644808
02,pace-ladder-720p.mp4,sports2d,fair,6.0667,left,forefoot,9.57468821888732,1.9652173913043471,306.6666666666666,59.99999999999977,0.1180789022552003,20.038097870872463
02,pace-ladder-720p.mp4,sports2d,fair,6.7667,left,forefoot,9.92214166586987,2.0408045977011513,289.99999999999943,76.66666666666694,0.11459226621239196,19.51254584373747
02,pace-ladder-720p.mp4,sports2d,fair,7.1333,right,midfoot,4.972435272575458,1.3710205149503194,,,0.11072266645191378,27.640082899751818
02,pace-ladder-720p.mp4,sports2d,fair,7.8,right,midfoot,-4.499018863251706,1.2174613607552702,,,0.12077584185828445,24.694218060983502
02,pace-ladder-720p.mp4,sports2d,fair,8.1333,left,forefoot,32.40456124281218,2.0408045977011513,289.99999999999943,76.66666666666694,0.05126232797075387,18.091035507193865
02,pace-ladder-720p.mp4,sports2d,fair,8.6,right,rearfoot,-8.634452432463037,1.3668799320249532,,,0.14244528257231218,60.46266450318602
02,pace-ladder-720p.mp4,sports2d,fair,8.9,left,midfoot,-3.057717225837079,1.6018109932291391,,,0.1610322347431157,48.01171230231144
02,pace-ladder-720p.mp4,sports2d,fair,9.3,right,rearfoot,-8.487324782914818,1.4197636361130894,,,0.13313698039051228,55.844929909408215
02,pace-ladder-720p.mp4,sports2d,fair,9.6333,left,midfoot,3.933700624230598,1.6584507341046686,,,0.14668505815152458,63.3744153835223
02,pace-ladder-720p.mp4,sports2d,fair,9.9,right,midfoot,2.0175094576554766,2.0408045977011513,289.99999999999943,76.66666666666694,0.11782719033258547,28.474032660038944
02,pace-ladder-720p.mp4,sports2d,fair,10.7,left,forefoot,12.18814330143567,1.494006171741934,,,0.16708933422990063,38.23636029938194
02,pace-ladder-720p.mp4,sports2d,fair,11.3333,left,midfoot,1.1452049452663822,1.364906970163493,,,0.17394529961970995,26.33877610597777
02,pace-ladder-720p.mp4,sports2d,fair,11.7,right,rearfoot,-10.758546013461729,2.0408045977011513,289.99999999999943,76.66666666666694,0.12358650877729883,32.65329095273985
03,heel-strike-480p.mp4,browser,poor,2.6407,unknown,unknown,,2.006824667478167,,,,21.47457417156103
03,heel-strike-480p.mp4,browser,poor,4.8802,unknown,unknown,,2.599567492529708,,,,39.436477530813264
03,heel-strike-480p.mp4,browser,poor,9.2591,unknown,unknown,,3.2389827894187757,,,,31.534263408579505
03,heel-strike-480p.mp4,sports2d,poor,0.4,right,unknown,,1.5828616903799924,,,,44.207345316887576
03,heel-strike-480p.mp4,sports2d,poor,0.7333,left,unknown,,1.6157248178545363,,,,32.17102004967931
03,heel-strike-480p.mp4,sports2d,poor,1.1,right,unknown,,1.7480457756851506,,,,31.18046603363895
03,heel-strike-480p.mp4,sports2d,poor,1.8667,right,unknown,,1.5225872785151262,,,,30.780192891099176
03,heel-strike-480p.mp4,sports2d,poor,2.2667,left,unknown,,1.6319993516561557,,,,29.66413695848435
03,heel-strike-480p.mp4,sports2d,poor,2.6,right,unknown,,1.675920197303594,,,,31.315290007581154
03,heel-strike-480p.mp4,sports2d,poor,3.3667,right,unknown,,1.628021013139616,,,,37.23741913908878
03,heel-strike-480p.mp4,sports2d,poor,3.8,right,unknown,,1.7338801078543224,,,,58.239748363620706
03,heel-strike-480p.mp4,sports2d,poor,4.0667,right,unknown,,1.7177700019256086,,,,30.550924574875822
03,heel-strike-480p.mp4,sports2d,poor,4.8333,right,unknown,,1.6695870800034678,,,,34.433478879902324
03,heel-strike-480p.mp4,sports2d,poor,5.3,right,unknown,,1.6553006019811578,,,,56.9656668313505
03,heel-strike-480p.mp4,sports2d,poor,5.5667,right,unknown,,1.7117712708745083,,,,21.81259094543219
03,heel-strike-480p.mp4,sports2d,poor,6.3,right,unknown,,1.6275436104259406,,,,31.329451274492925
03,heel-strike-480p.mp4,sports2d,poor,6.7667,right,unknown,,1.6632794034194573,,,,57.88853374513224
03,heel-strike-480p.mp4,sports2d,poor,7.0333,right,unknown,,1.6819079685968417,,,,30.600376656587073
03,heel-strike-480p.mp4,sports2d,poor,7.4667,left,unknown,,1.836274509803923,,,,54.18084491220915
03,heel-strike-480p.mp4,sports2d,poor,7.8,right,unknown,,1.4478951348703115,,,,43.92392242694758
03,heel-strike-480p.mp4,sports2d,poor,8.2333,right,unknown,,1.6237275233740607,,,,56.6156132213639
03,heel-strike-480p.mp4,sports2d,poor,8.5,right,unknown,,1.6431464026859095,,,,30.284836520500505
03,heel-strike-480p.mp4,sports2d,poor,9.2333,right,unknown,,1.5546761861104827,,,,34.11408203418145
03,heel-strike-480p.mp4,sports2d,poor,9.9333,right,unknown,,1.6941677687645278,,,,24.611662539008947
03,heel-strike-480p.mp4,sports2d,poor,10.7,right,unknown,,1.7182015170879383,,,,27.991321488560814
03,heel-strike-480p.mp4,sports2d,poor,11.4333,right,unknown,,1.8028902940359859,,,,36.641598138407645
03,heel-strike-480p.mp4,sports2d,poor,11.8,left,unknown,,1.83627450980392,,,,40.44957095629649
04,chelimo-720p.mp4,browser,fair,0,right,unknown,42.851222768734445,2.0853026458861885,307.4094707520891,93.7047353760439,0.2221688123935076,113.86075878696765
04,chelimo-720p.mp4,browser,fair,0.4011,left,midfoot,5.534559932831604,2.0853026458861907,307.4094707520886,93.70473537604434,0.13554883578865792,52.38695006849841
04,chelimo-720p.mp4,browser,fair,0.9025,right,unknown,45.32132400772319,2.0853026458861907,307.4094707520886,93.70473537604434,-0.08113255277035221,54.57161692991205
04,chelimo-720p.mp4,browser,fair,1.8719,left,forefoot,27.93804461067584,2.484182491894395,240.5571030640665,160.55710306406647,0.006686687687522859,53.76631951735756
04,chelimo-720p.mp4,browser,fair,2.6407,right,midfoot,-2.683517672802692,2.484182491894395,240.5571030640665,160.55710306406647,0.2718652762845979,57.33240429989384
04,chelimo-720p.mp4,browser,fair,3.0084,left,forefoot,30.53661688330245,1.8289222983030662,374.2618384401108,26.852367688022184,0.17540516043249266,73.78691256311461
04,chelimo-720p.mp4,browser,fair,3.3092,right,midfoot,-6.193543230624533,2.484182491894395,240.5571030640665,160.55710306406647,0.2842578966556065,67.2777985901838
04,chelimo-720p.mp4,browser,fair,3.7772,right,forefoot,17.41280537326375,2.484182491894395,240.5571030640665,160.55710306406647,0.13499634964163015,60.07376987466678
04,chelimo-720p.mp4,browser,fair,4.6462,right,forefoot,9.52206088053914,1.9445406995750192,340.83565459610105,60.27855153203193,0.2405857410977531,75.37014885227742
04,chelimo-720p.mp4,browser,fair,4.9136,left,forefoot,28.71721442612781,1.8289222983030662,374.2618384401108,26.852367688022184,0.2259258978650561,57.39682363670291
04,chelimo-720p.mp4,browser,fair,5.2479,right,midfoot,-4.528417910452923,2.0853026458861907,307.4094707520886,93.70473537604434,0.3072071448169255,46.51350174854069
04,chelimo-720p.mp4,browser,fair,5.7159,right,rearfoot,-12.194868807625246,2.0853026458861863,307.40947075208953,93.70473537604346,0.29197897904188946,62.64130048413008
04,chelimo-720p.mp4,browser,fair,5.9164,right,rearfoot,-12.194868807625246,2.0853026458861863,307.40947075208953,93.70473537604346,0.29197897904188946,70.40198356361788
04,chelimo-720p.mp4,browser,fair,6.351,right,midfoot,-7.018203108375223,2.0853026458861907,307.4094707520886,93.70473537604434,0.26479958952867094,63.58875079075324
04,chelimo-720p.mp4,browser,fair,6.585,right,midfoot,-7.018203108375223,2.0853026458861907,307.4094707520886,93.70473537604434,0.26479958952867094,68.70585214149015
04,chelimo-720p.mp4,browser,fair,6.8189,left,midfoot,7.862627608378309,2.0853026458861987,307.40947075208686,93.70473537604612,0.2286041988786952,38.354290395038625
04,chelimo-720p.mp4,browser,fair,7.2535,left,forefoot,24.09895800695751,1.7503056404556818,401.0027855153197,0.11142061281327331,0.15420232177645685,69.92930666853695
04,chelimo-720p.mp4,browser,fair,7.688,right,midfoot,7.961781466424785,1.9445406995750263,340.8356545960993,60.27855153203371,0.24520326920975816,44.71394710564618
04,chelimo-720p.mp4,browser,fair,7.8886,left,forefoot,13.171642336019167,1.7503056404556818,401.0027855153197,0.11142061281327331,0.1459539614619084,73.83623480833674
04,chelimo-720p.mp4,browser,fair,8.1226,left,forefoot,13.171642336019167,1.7503056404556818,401.0027855153197,0.11142061281327331,0.1459539614619084,36.059444250419986
04,chelimo-720p.mp4,browser,fair,8.5571,left,forefoot,16.888014647417997,2.2604107360715813,273.9832869080762,127.13091922005675,0.09502554068049393,71.68593378362783
04,chelimo-720p.mp4,browser,fair,8.9916,right,midfoot,2.258118952631591,1.8289222983030582,374.2618384401135,26.85236768801952,0.22447974785947156,41.565893495829556
04,chelimo-720p.mp4,browser,fair,9.1922,right,midfoot,2.258118952631591,1.8289222983030582,374.2618384401135,26.85236768801952,0.22447974785947156,72.980816778483
04,chelimo-720p.mp4,browser,fair,9.3928,left,rearfoot,-19.097002307806115,2.484182491894395,240.5571030640665,160.55710306406647,0.27933655115933775,61.24837789357588
04,chelimo-720p.mp4,browser,fair,9.7939,right,midfoot,3.298964238949143,2.484182491894395,240.5571030640665,160.55710306406647,0.262346374795026,43.56785444364824
04,chelimo-720p.mp4,browser,fair,10.2284,left,forefoot,9.394745423526603,2.2604107360715813,273.9832869080762,127.13091922005675,0.05647276625458918,25.8172355198449
04,chelimo-720p.mp4,browser,fair,10.6295,left,forefoot,32.83345710168015,2.484182491894395,240.5571030640665,160.55710306406647,0.20248102650863087,62.9650501555777
04,chelimo-720p.mp4,browser,fair,10.8301,left,forefoot,33.192899949214315,2.484182491894395,240.5571030640665,160.55710306406647,0.03405433528434185,40.54507225617239
04,chelimo-720p.mp4,browser,fair,11.2981,left,forefoot,33.14644497116121,2.484182491894395,240.5571030640665,160.55710306406647,0.07620753314459823,70.73548886364082
04,chelimo-720p.mp4,sports2d,fair,0.2333,right,unknown,,1.8456521739130434,306.66666666666646,26.66666666666656,,
04,chelimo-720p.mp4,sports2d,fair,0.7,left,unknown,,1.845652173913043,306.6666666666666,26.66666666666645,,
04,chelimo-720p.mp4,sports2d,fair,1.0333,right,unknown,,1.4065991590425881,,,,
04,chelimo-720p.mp4,sports2d,fair,1.3333,right,unknown,,1.4536502284557242,,,,
04,chelimo-720p.mp4,sports2d,fair,1.6667,left,unknown,,1.4499273564725197,,,,
04,chelimo-720p.mp4,sports2d,fair,1.9667,right,unknown,,1.845652173913043,306.6666666666666,26.66666666666645,,
04,chelimo-720p.mp4,sports2d,fair,2.6333,right,unknown,,1.845652173913043,306.6666666666666,26.66666666666645,,
04,chelimo-720p.mp4,sports2d,fair,3.3,right,unknown,,2.1777777777777767,239.99999999999997,93.33333333333307,,
04,chelimo-720p.mp4,sports2d,fair,3.6333,left,unknown,,2.1777777777777767,239.99999999999997,93.33333333333307,,
04,chelimo-720p.mp4,sports2d,fair,3.9333,right,unknown,,1.9914634146341474,273.3333333333329,60.00000000000011,,
04,chelimo-720p.mp4,sports2d,fair,4.3,left,unknown,,1.9914634146341497,273.33333333333246,60.000000000000554,,
04,chelimo-720p.mp4,sports2d,fair,4.6,right,unknown,,1.9914634146341452,273.33333333333337,59.999999999999666,,
04,chelimo-720p.mp4,sports2d,fair,4.9333,left,unknown,,1.9914634146341452,273.33333333333337,59.999999999999666,,
04,chelimo-720p.mp4,sports2d,fair,5.2333,right,unknown,,1.9914634146341452,273.33333333333337,59.999999999999666,,
04,chelimo-720p.mp4,sports2d,fair,5.5667,left,unknown,,1.845652173913043,306.6666666666666,26.66666666666645,,
04,chelimo-720p.mp4,sports2d,fair,5.9,right,unknown,,1.845652173913043,306.6666666666666,26.66666666666645,,
04,chelimo-720p.mp4,sports2d,fair,6.2,left,unknown,,1.6704312570611055,,,,
04,chelimo-720p.mp4,sports2d,fair,6.5,right,unknown,,1.7724103007188732,,,,
04,chelimo-720p.mp4,sports2d,fair,6.8667,right,unknown,,1.5120699832765516,,,,
04,chelimo-720p.mp4,sports2d,fair,7.1667,left,unknown,,1.8338342696938787,,,,
04,chelimo-720p.mp4,sports2d,fair,7.5,right,unknown,,1.5813718990800054,,,,
04,chelimo-720p.mp4,sports2d,fair,7.8333,left,unknown,,1.589960121442707,,,,
04,chelimo-720p.mp4,sports2d,fair,8.1333,left,unknown,,1.655360870737689,,,,
04,chelimo-720p.mp4,sports2d,fair,8.4667,left,unknown,,1.5996548304691571,,,,
04,chelimo-720p.mp4,sports2d,fair,8.8,right,unknown,,1.4526164028029367,,,,
04,chelimo-720p.mp4,sports2d,fair,9.1333,left,unknown,,1.579155627261426,,,,
04,chelimo-720p.mp4,sports2d,fair,9.4333,right,unknown,,1.4693323782764671,,,,
04,chelimo-720p.mp4,sports2d,fair,9.7667,right,unknown,,1.5866878788106793,,,,
04,chelimo-720p.mp4,sports2d,fair,10.1667,left,unknown,,1.9914634146341497,273.33333333333246,60.000000000000554,,
04,chelimo-720p.mp4,sports2d,fair,10.8,left,unknown,,2.1777777777777696,240.00000000000108,93.33333333333196,,
04,chelimo-720p.mp4,sports2d,fair,11.1333,right,unknown,,1.8456521739130465,306.6666666666657,26.66666666666734,,
04,chelimo-720p.mp4,sports2d,fair,11.4333,left,unknown,,2.1777777777777767,239.99999999999997,93.33333333333307,,
04,chelimo-720p.mp4,sports2d,fair,11.7,right,unknown,,2.1777777777777696,240.00000000000108,93.33333333333196,,
05,jog-to-sprint-720p.mp4,browser,fair,0.2704,left,forefoot,19.585066566154037,2.0161895811246557,,,0.08998356928154538,74.94623665247632
05,jog-to-sprint-720p.mp4,browser,fair,0.6008,right,midfoot,2.8168081536914062,1.851896999236976,,,0.2849329235047047,86.92021759613962
05,jog-to-sprint-720p.mp4,browser,fair,0.8711,right,midfoot,2.8168081536914062,1.9730481977462522,,,0.2849329235047047,61.61581366897006
05,jog-to-sprint-720p.mp4,browser,fair,1.3818,right,midfoot,1.0684599323099846,1.9702776064660528,250.27633426183854,50.11842896935953,0.2609776233946329,44.48455986335925
05,jog-to-sprint-720p.mp4,browser,fair,1.7423,left,forefoot,21.537138700095067,1.6625157820746193,,,0.2892958992221395,74.00652708463156
05,jog-to-sprint-720p.mp4,browser,fair,2.0727,right,midfoot,5.38467515906197,1.751984515014307,,,0.23505642107859545,75.2761898623483
05,jog-to-sprint-720p.mp4,browser,fair,2.3731,left,midfoot,6.163338450026917,2.0111197877263463,242.76646518105858,57.6282980501395,0.09940142254112132,74.89157175342928
05,jog-to-sprint-720p.mp4,browser,fair,2.6735,right,forefoot,8.332232911098249,1.843972486691221,,,0.15462350950813392,73.81693055258694
05,jog-to-sprint-720p.mp4,browser,fair,3.1842,right,forefoot,19.144744804550584,1.8358447881175208,,,0.1560284408109285,48.18377696334203
05,jog-to-sprint-720p.mp4,browser,fair,3.785,right,forefoot,30.094962082542004,1.7220550074526977,,,0.16349143127960722,50.33967368473182
05,jog-to-sprint-720p.mp4,browser,fair,4.1454,right,forefoot,35.38321250411391,1.2943887586242615,,,0.12708380067832825,73.5953917253837
05,jog-to-sprint-720p.mp4,browser,fair,4.3557,right,forefoot,35.38321250411391,1.5983561437650098,,,0.12708380067832825,49.375415546090345
05,jog-to-sprint-720p.mp4,browser,fair,4.7162,right,forefoot,31.737414390695356,1.41891464403011,,,0.148947232515326,67.3621468485742
05,jog-to-sprint-720p.mp4,browser,fair,4.9866,right,forefoot,31.737414390695356,1.819095285002394,,,0.148947232515326,55.83555422630085
05,jog-to-sprint-720p.mp4,browser,fair,5.317,right,forefoot,12.129028044796268,1.4961425205997565,,,0.23316218139407568,68.71310385866849
05,jog-to-sprint-720p.mp4,browser,fair,5.5573,right,forefoot,12.129028044796268,1.7588162904033164,,,0.23316218139407568,48.32950837931663
05,jog-to-sprint-720p.mp4,browser,fair,5.9178,left,midfoot,-1.3917792180794706,1.564902142801409,,,0.25521069637469695,76.85022564492516
05,jog-to-sprint-720p.mp4,browser,fair,6.1881,right,midfoot,2.2533168729172903,1.970277606466055,250.2763342618381,50.118428969359975,0.2514323052439705,62.709981587841405
05,jog-to-sprint-720p.mp4,browser,fair,6.4885,left,midfoot,6.180335986093866,1.8287927297599538,280.31581058495897,20.078952646239102,0.24455704833353067,66.67428795833939
05,jog-to-sprint-720p.mp4,browser,fair,6.7589,right,midfoot,2.962876386380394,1.8287927297599538,280.31581058495897,20.078952646239102,0.280127254272436,59.00697236953692
05,jog-to-sprint-720p.mp4,browser,fair,7.3597,right,midfoot,-1.177699609206181,1.970277606466055,250.2763342618381,50.118428969359975,0.278721919440109,62.27863459146679
05,jog-to-sprint-720p.mp4,browser,fair,7.63,left,midfoot,1.32225126211398,1.970277606466055,250.2763342618381,50.118428969359975,0.2603113817246643,53.73462315164652
05,jog-to-sprint-720p.mp4,browser,fair,7.9304,right,midfoot,-3.7725064309972183,1.9702776064660457,250.27633426183988,50.1184289693582,0.2472429769314429,54.68744888043577
05,jog-to-sprint-720p.mp4,browser,fair,8.2008,left,rearfoot,-12.767172810726255,2.0111197877263463,242.76646518105858,57.6282980501395,0.22089280110467732,59.562243351968135
05,jog-to-sprint-720p.mp4,browser,fair,8.4711,right,midfoot,0.9233923882612931,1.9702776064660457,250.27633426183988,50.1184289693582,0.2245891460343799,55.36398860813093
05,jog-to-sprint-720p.mp4,browser,fair,8.8316,left,rearfoot,-12.927593172744967,1.9702776064660457,250.27633426183988,50.1184289693582,0.20869381510105117,68.03557559200351
05,jog-to-sprint-720p.mp4,browser,fair,9.0719,right,midfoot,-5.814427979089217,2.0111197877263463,242.76646518105858,57.6282980501395,0.22456706720424316,60.5073913752058
05,jog-to-sprint-720p.mp4,browser,fair,9.4024,left,rearfoot,-9.641874315297207,1.9702776064660457,250.27633426183988,50.1184289693582,0.21011958582184687,72.26504385792242
05,jog-to-sprint-720p.mp4,browser,fair,9.6427,right,rearfoot,-8.43039010537306,2.0111197877263463,242.76646518105858,57.6282980501395,0.22042846831866164,56.59012049057927
05,jog-to-sprint-720p.mp4,browser,fair,10.0332,right,midfoot,1.3936939703635005,1.3920544727556663,,,0.2088612510335112,59.38961106527515
05,jog-to-sprint-720p.mp4,browser,fair,10.2435,right,midfoot,1.3936939703635005,1.689223245784159,,,0.2088612510335112,59.01170662125377
05,jog-to-sprint-720p.mp4,browser,fair,10.5739,left,forefoot,22.701103063498405,1.6295201093115155,,,0.16942454040809865,66.79679505148331
05,jog-to-sprint-720p.mp4,sports2d,fair,0.2,left,forefoot,34.341209722392826,2.108872839601447,,,0.37211590174439774,69.3561977863378
05,jog-to-sprint-720p.mp4,sports2d,fair,0.5333,right,rearfoot,-8.137196922594255,1.9966555811690392,,,0.31688582548383354,74.17562717375654
05,jog-to-sprint-720p.mp4,sports2d,fair,0.8,right,rearfoot,-8.137196922594255,2.0080416185163976,,,0.31688582548383354,70.49192415002855
05,jog-to-sprint-720p.mp4,sports2d,fair,1.1333,left,unknown,77.60853753293,2.0249999999999955,240.00000000000063,59.99999999999919,0.26348518392727494,73.98530959823813
05,jog-to-sprint-720p.mp4,sports2d,fair,1.4,right,rearfoot,-8.254141861718944,1.9903948328618273,,,0.2835066396614791,73.6746763472022
05,jog-to-sprint-720p.mp4,sports2d,fair,1.7333,right,midfoot,4.384013347714719,1.834732382606295,,,0.2600618564579399,73.8349052767048
05,jog-to-sprint-720p.mp4,sports2d,fair,2,right,midfoot,4.384013347714719,1.8445262920164374,,,0.2600618564579399,69.72601436230764
05,jog-to-sprint-720p.mp4,sports2d,fair,2.6,left,unknown,46.96903576049144,1.9081171059241493,,,0.197174816857484,70.4097824892846
05,jog-to-sprint-720p.mp4,sports2d,fair,3.2,left,unknown,42.4466374588738,1.9208667985477386,,,0.1868151988622535,75.29894953472633
05,jog-to-sprint-720p.mp4,sports2d,fair,3.7667,right,forefoot,21.657942642542157,1.8592283855115004,,,0.22755017467977728,64.36091020741671
05,jog-to-sprint-720p.mp4,sports2d,fair,4.3667,right,forefoot,12.603517086797137,1.8369373218799598,,,0.23037641563492037,66.48234966134424
05,jog-to-sprint-720p.mp4,sports2d,fair,4.9667,right,midfoot,-6.345703906062761,1.9348199805947879,,,0.24239136466171585,71.80835818911459
05,jog-to-sprint-720p.mp4,sports2d,fair,5.2667,left,unknown,57.985786648562836,1.7071995293871582,,,0.08831707473108488,71.91992937342654
05,jog-to-sprint-720p.mp4,sports2d,fair,5.5667,right,rearfoot,-8.641820796182001,2.0249999999999955,240.00000000000063,59.99999999999919,0.2511763434547604,73.17109365593558
05,jog-to-sprint-720p.mp4,sports2d,fair,5.8333,left,forefoot,21.519221694667692,1.7463514975912884,,,0.26035473795087316,59.560514030240896
05,jog-to-sprint-720p.mp4,sports2d,fair,6.1333,right,rearfoot,-8.222934873155102,1.7120765206983086,,,0.2544892624715321,65.26461834938564
05,jog-to-sprint-720p.mp4,sports2d,fair,6.4333,left,forefoot,29.863239012409117,1.7295537812495883,,,0.21627623772384372,87.10356532787657
05,jog-to-sprint-720p.mp4,sports2d,fair,6.7333,right,midfoot,-5.925510725427033,1.7687139093887754,,,0.2837557474348528,70.98791236238056
05,jog-to-sprint-720p.mp4,sports2d,fair,7.0333,left,forefoot,26.181796115581,1.7273203541005835,,,0.191862964620937,72.66791785231918
05,jog-to-sprint-720p.mp4,sports2d,fair,7.3,right,midfoot,-5.10244630165767,2.0249999999999955,240.00000000000063,59.99999999999919,0.26066567629882137,64.234336595689
05,jog-to-sprint-720p.mp4,sports2d,fair,7.6,left,midfoot,-2.002132608805428,1.857317073170731,273.33333333333337,26.66666666666645,0.2475921720871271,65.15541849408332
05,jog-to-sprint-720p.mp4,sports2d,fair,7.9,right,midfoot,-6.589410841073375,2.0249999999999955,240.00000000000063,59.99999999999919,0.2489658384179143,69.00005794272826
05,jog-to-sprint-720p.mp4,sports2d,fair,8.1333,left,rearfoot,-18.464535517475568,1.857317073170727,273.3333333333343,26.666666666665563,0.2227820229284027,47.129189675572825
05,jog-to-sprint-720p.mp4,sports2d,fair,8.4667,right,midfoot,-4.874149650669382,2.0249999999999955,240.00000000000063,59.99999999999919,0.22796358796235905,64.18671346691758
05,jog-to-sprint-720p.mp4,sports2d,fair,8.7667,left,midfoot,-7.304467658159983,1.857317073170727,273.3333333333343,26.666666666665563,0.2092181358458558,65.29742206705075
05,jog-to-sprint-720p.mp4,sports2d,fair,9.0333,right,midfoot,1.2503281387947167,1.7610940209338075,,,0.22959250150337415,60.172121539115736
05,jog-to-sprint-720p.mp4,sports2d,fair,9.3667,left,forefoot,19.46113231979382,1.6672901212051088,,,0.2159362301370483,72.08924961677155
05,jog-to-sprint-720p.mp4,sports2d,fair,9.6333,right,midfoot,-7.726398310070326,2.0249999999999955,240.00000000000063,59.99999999999919,0.21967792419343982,66.7105366221003
05,jog-to-sprint-720p.mp4,sports2d,fair,9.9667,right,midfoot,-0.07835575498398384,1.5084752704319304,,,0.20789263889613532,76.1763558175706
05,jog-to-sprint-720p.mp4,sports2d,fair,10.2333,right,midfoot,-0.07835575498398384,1.8202366072343619,,,0.20789263889613532,70.96110466641605
05,jog-to-sprint-720p.mp4,sports2d,fair,10.5,left,rearfoot,-8.255039252954829,1.9269193957614215,,,0.19225740484445775,56.92362574751988
06,treadmill-720p.mp4,browser,poor,0.7019,left,unknown,,2.425147928994085,,,,36.29782734953927
06,treadmill-720p.mp4,browser,poor,0.9694,left,unknown,,3,,,,20.468581900141558
06,treadmill-720p.mp4,browser,poor,1.4039,left,unknown,,3,,,,25.391895042873443
06,treadmill-720p.mp4,browser,poor,1.6713,left,unknown,,2.766741500962157,,,,22.589185772117787
06,treadmill-720p.mp4,browser,poor,1.8719,right,unknown,,3,,,,39.239020043119154
06,treadmill-720p.mp4,browser,poor,2.3733,left,unknown,,3,,,,30.669891170203428
06,treadmill-720p.mp4,browser,poor,2.7409,right,unknown,,2.76674150096216,,,,43.11149803509868
06,treadmill-720p.mp4,browser,poor,3.2423,right,unknown,,2.76674150096216,,,,42.644163840116306
06,treadmill-720p.mp4,browser,poor,3.6769,right,unknown,,2.7667415009621656,,,,57.04780102014434
06,treadmill-720p.mp4,browser,poor,4.078,right,unknown,,3,,,,64.25497351424248
06,treadmill-720p.mp4,browser,poor,4.2786,left,unknown,,2.4251479289940834,,,,32.94071328070268
06,treadmill-720p.mp4,browser,poor,4.5794,left,unknown,,3,,,,33.94314133529893
06,treadmill-720p.mp4,browser,poor,4.8468,left,unknown,,3,,,,63.28517084898521
06,treadmill-720p.mp4,browser,poor,5.0474,left,unknown,,3,,,,46.19413156881081
06,treadmill-720p.mp4,browser,poor,5.5487,right,unknown,,2.76674150096216,,,,59.30884463090638
06,treadmill-720p.mp4,browser,poor,5.883,left,unknown,,3,,,,60.59819268353597
06,treadmill-720p.mp4,browser,poor,6.2507,left,unknown,,3,,,,61.27499955498445
06,treadmill-720p.mp4,browser,poor,6.6852,right,unknown,,2.76674150096216,,,,49.51298064025745
06,treadmill-720p.mp4,browser,poor,7.0529,left,unknown,,2.76674150096216,,,,46.49575563817659
06,treadmill-720p.mp4,browser,poor,7.2869,left,unknown,,2.317508842849928,,,,47.88374978657289
06,treadmill-720p.mp4,browser,poor,7.688,right,unknown,,2.76674150096216,,,,64.37863049927253
06,treadmill-720p.mp4,browser,poor,7.8886,left,unknown,,2.76674150096216,,,,38.83191199559586
06,treadmill-720p.mp4,browser,poor,8.1226,right,unknown,,2.76674150096216,,,,40.864382319742134
06,treadmill-720p.mp4,browser,poor,8.39,left,unknown,,2.76674150096216,,,,61.71354761120341
06,treadmill-720p.mp4,browser,poor,8.5905,left,unknown,,2.76674150096216,,,,32.44157002022298
06,treadmill-720p.mp4,browser,poor,9.0919,right,unknown,,2.76674150096216,,,,62.97761854569954
06,treadmill-720p.mp4,browser,poor,9.4262,left,unknown,,2.317508842849928,,,,54.70753091955294
06,treadmill-720p.mp4,browser,poor,9.7939,right,unknown,,3,,,,63.46525136445759
06,treadmill-720p.mp4,browser,poor,9.9944,left,unknown,,2.317508842849928,,,,39.50493618812594
06,treadmill-720p.mp4,browser,poor,10.6964,left,unknown,,2.317508842849928,,,,31.396720409267658
06,treadmill-720p.mp4,browser,poor,11.3983,left,unknown,,2.76674150096216,,,,34.364758288837365
06,treadmill-720p.mp4,sports2d,good,0.3,right,forefoot,16.753889084043536,1.4997244791415607,,,0.08970394590015363,30.359536710237876
06,treadmill-720p.mp4,sports2d,good,0.6667,left,forefoot,24.71455186045682,1.4984507105933573,,,0.11540856566593326,35.33565375965366
06,treadmill-720p.mp4,sports2d,good,1.0333,right,midfoot,6.866589193211792,1.8362745098039208,339.99999999999983,26.66666666666645,0.10851129673511455,31.75949706781889
06,treadmill-720p.mp4,sports2d,good,1.3667,left,midfoot,-4.598346751543328,1.9652173913043476,306.66666666666634,59.999999999999886,0.13818880299047442,27.666137045117438
06,treadmill-720p.mp4,sports2d,good,1.7333,right,midfoot,1.4391849131132066,1.9652173913043476,306.66666666666634,59.999999999999886,0.09906378440994575,28.238783277769357
06,treadmill-720p.mp4,sports2d,good,2.0667,left,midfoot,7.028725222380138,1.6623744840170258,,,0.11923919772555419,26.55920126964739
06,treadmill-720p.mp4,sports2d,good,2.4667,right,forefoot,11.733017796666076,1.6560694538959382,,,0.0625871577782022,36.79688703615895
06,treadmill-720p.mp4,sports2d,good,2.8333,left,midfoot,5.5165973082957676,1.8362745098039208,339.99999999999983,26.66666666666645,0.11646574785665338,36.65667501838963
06,treadmill-720p.mp4,sports2d,good,3.2,right,forefoot,20.36310629555136,1.8362745098039195,340.0000000000002,26.666666666666007,0.09920196020913764,32.56756723746764
06,treadmill-720p.mp4,sports2d,good,3.5333,left,midfoot,-6.850033893662523,1.965217391304349,306.6666666666661,60.00000000000011,0.13238014005009183,27.707585307493616
06,treadmill-720p.mp4,sports2d,good,3.9,right,midfoot,-4.776170063701273,2.1256097560975618,273.3333333333329,93.33333333333333,0.09908122025421598,29.10296791390934
06,treadmill-720p.mp4,sports2d,good,4.2333,left,midfoot,0.806582695398415,1.6139070294585582,,,0.11856194517596712,26.559447011546666
06,treadmill-720p.mp4,sports2d,good,4.6667,right,forefoot,10.527466238904962,1.9652173913043467,306.6666666666666,59.999999999999666,0.09794356398352916,33.49115207584358
06,treadmill-720p.mp4,sports2d,good,5.0333,left,rearfoot,-13.630441622658338,1.9652173913043467,306.6666666666666,59.999999999999666,0.1318007121944542,34.85157670760781
06,treadmill-720p.mp4,sports2d,good,5.3667,right,midfoot,0.1811110607261801,1.9652173913043467,306.6666666666666,59.999999999999666,0.10837532949857816,23.87623752195435
06,treadmill-720p.mp4,sports2d,good,5.7333,left,rearfoot,-8.165441998752238,1.9652173913043467,306.6666666666666,59.999999999999666,0.12290562305367234,29.167975989241782
06,treadmill-720p.mp4,sports2d,good,6.1,right,forefoot,9.518521936962513,1.8362745098039208,339.99999999999983,26.66666666666645,0.08842301024484592,33.84686858256872
06,treadmill-720p.mp4,sports2d,good,6.4333,left,midfoot,0.9157765921318068,1.9652173913043467,306.6666666666666,59.999999999999666,0.08334934206485789,31.975975540190305
06,treadmill-720p.mp4,sports2d,good,6.8,right,midfoot,3.8864199805846327,1.9652173913043467,306.6666666666666,59.999999999999666,0.10903787044156801,37.4048219024353
06,treadmill-720p.mp4,sports2d,good,7.1333,left,midfoot,3.9589096979050704,1.8362745098039208,339.99999999999983,26.66666666666645,0.14184012283028605,31.461108948136953
06,treadmill-720p.mp4,sports2d,good,7.5,right,forefoot,9.731509687126255,1.5007663112888703,,,0.08384247307292814,36.16120538976155
06,treadmill-720p.mp4,sports2d,good,7.8667,left,forefoot,20.666976617061295,1.5734923402052032,,,0.1333020760968898,35.72029743573325
06,treadmill-720p.mp4,sports2d,good,8.2333,right,midfoot,5.913856330589198,1.8362745098039177,340.0000000000007,26.666666666665563,0.12301812547255409,31.397489661854998
06,treadmill-720p.mp4,sports2d,good,8.5667,left,rearfoot,-9.468845399143415,1.9652173913043507,306.6666666666657,60.000000000000554,0.14483096669160578,28.710798448033955
06,treadmill-720p.mp4,sports2d,good,8.9333,right,midfoot,-6.803267705109705,2.125609756097564,273.33333333333246,93.33333333333377,0.11975084243819667,31.401734245919727
06,treadmill-720p.mp4,sports2d,good,9.2667,left,midfoot,-6.873024588963164,1.9652173913043431,306.6666666666675,59.99999999999878,0.1338870699502529,29.29636125873232
06,treadmill-720p.mp4,sports2d,good,9.6,right,midfoot,3.906870610475141,1.9652173913043507,306.6666666666657,60.000000000000554,0.10778174466129095,22.807952511761684
06,treadmill-720p.mp4,sports2d,good,9.9667,left,midfoot,-4.677355466871081,1.9652173913043507,306.6666666666657,60.000000000000554,0.12396161779278582,33.1520246274717
06,treadmill-720p.mp4,sports2d,good,10.3333,right,forefoot,11.756399477128696,1.8362745098039177,340.0000000000007,26.666666666665563,0.06531727404472305,41.33201731926819
06,treadmill-720p.mp4,sports2d,good,10.6667,left,midfoot,2.0575474093672295,1.9652173913043431,306.6666666666675,59.99999999999878,0.12056530603077385,37.291910095662445
06,treadmill-720p.mp4,sports2d,good,11.0333,right,midfoot,-5.5092510656869615,1.9652173913043507,306.6666666666657,60.000000000000554,0.10171452371525029,39.952704904422674
06,treadmill-720p.mp4,sports2d,good,11.3667,left,midfoot,-7.7889790634343505,1.9652173913043507,306.6666666666657,60.000000000000554,0.13088723580679368,35.66585922799813
06,treadmill-720p.mp4,sports2d,good,11.7333,right,rearfoot,-9.469250243802865,1.9652173913043431,306.6666666666675,59.99999999999878,0.12169424809313395,35.99182651643029
